{
  "horizon_hours": 24,
  "classes": [
    "Clair",
    "Pluie",
    "Neige"
  ],
  "features": [
    "temp",
    "rhum",
    "pres",
    "temp_delta_1h",
    "temp_delta_3h",
    "pres_delta_1h",
    "pres_delta_3h",
    "rhum_delta_1h",
    "hour_sin",
    "hour_cos",
    "month_sin",
    "month_cos",
    "temp_dwpt_diff"
  ],
  "n_features": 13,
  "test_accuracy": 0.6630136966705322,
  "balanced_accuracy": 0.6425234408446208,
  "epochs_trained": 21,
  "scaler_mean": [
    13.233736270861778,
    74.4927069062777,
    985.8928465980384,
    -0.0016547134340979832,
    -0.001356542718065612,
    7.521416130850335e-05,
    -0.00030354296770910985,
    0.011631342842560507,
    -0.0014112477984369357,
    0.0019334962763998815,
    -0.003968443369588104,
    -0.0021462740907610914,
    4.991350770702334
  ],
  "scaler_scale": [
    7.9016348785920245,
    17.287620268306878,
    7.3449473747166145,
    1.1066219731304818,
    2.5347712274012473,
    0.4469059502031003,
    1.0835379508235987,
    5.889354990672136,
    0.7068880085662279,
    0.7073214189047129,
    0.7060739324355373,
    0.7081237384724477,
    4.252751957631887
  ]
}