{
  "model": "meteo_h1_embedded",
  "target": "H+1",
  "classes": [
    "Clair",
    "Pluie",
    "Brouillard"
  ],
  "features": [
    "temp",
    "rhum",
    "pres",
    "temp_delta_1h",
    "temp_delta_3h",
    "pres_delta_1h",
    "pres_delta_3h",
    "rhum_delta_1h",
    "hour_sin",
    "hour_cos",
    "month_sin",
    "month_cos",
    "temp_dwpt_diff"
  ],
  "n_features": 13,
  "test_accuracy": 0.8750306367874146,
  "balanced_accuracy": 0.8723467308293736,
  "epochs_trained": 31,
  "tflite_size_bytes": 8352,
  "scaler_mean": [
    13.658476781397775,
    74.118372113139,
    986.1036156194967,
    -0.004523830974084491,
    -0.004125940722442603,
    2.5949405209641383e-05,
    0.0030317446681756314,
    0.026468298590087362,
    -0.011257869769788388,
    0.01169023117529522,
    -0.01540629340026548,
    -0.0648712737369925,
    8.482151198053382
  ],
  "scaler_scale": [
    7.935103542576122,
    17.572985957454126,
    7.422212403608154,
    1.5599757092425122,
    3.1209286701846075,
    0.8255997297571497,
    1.7059028567997534,
    7.752596383645526,
    0.7052411493656786,
    0.7087816986933748,
    0.7150443738631593,
    0.6958921536189494,
    6.739091638764952
  ]
}