{
  "horizon_hours": 72,
  "classes": [
    "Clair",
    "Pluie",
    "Neige"
  ],
  "features": [
    "temp",
    "rhum",
    "pres",
    "temp_delta_1h",
    "temp_delta_3h",
    "pres_delta_1h",
    "pres_delta_3h",
    "rhum_delta_1h",
    "hour_sin",
    "hour_cos",
    "month_sin",
    "month_cos",
    "temp_dwpt_diff"
  ],
  "n_features": 13,
  "test_accuracy": 0.603534996509552,
  "balanced_accuracy": 0.543651276290065,
  "epochs_trained": 45,
  "scaler_mean": [
    13.235763462828086,
    74.48800623890712,
    985.8906335235187,
    0.002086806467327597,
    7.26074603049769e-05,
    -0.0014790513285795933,
    -0.002019577076970066,
    -0.019873070510407143,
    -0.0005226476314421372,
    0.00045504053656002003,
    -0.003420829399478499,
    -0.003603178684588227,
    4.9926601066874445
  ],
  "scaler_scale": [
    7.891362400090038,
    17.306307715450632,
    7.35039812227652,
    1.1092972880020278,
    2.540017743807829,
    0.4447116840442963,
    1.077526952435489,
    5.886259255543767,
    0.7078865063185502,
    0.7063258385986111,
    0.7066324638342901,
    0.707563324489045,
    4.255311438138589
  ]
}