{
  "horizon_hours": 48,
  "classes": [
    "Clair",
    "Pluie",
    "Neige"
  ],
  "features": [
    "temp",
    "rhum",
    "pres",
    "temp_delta_1h",
    "temp_delta_3h",
    "pres_delta_1h",
    "pres_delta_3h",
    "rhum_delta_1h",
    "hour_sin",
    "hour_cos",
    "month_sin",
    "month_cos",
    "temp_dwpt_diff"
  ],
  "n_features": 13,
  "test_accuracy": 0.6203168034553528,
  "balanced_accuracy": 0.6117122358927034,
  "epochs_trained": 48,
  "scaler_mean": [
    13.2358427204769,
    74.4721692154702,
    985.8934339902202,
    0.002512967594807549,
    -0.0007794237074043441,
    -0.00022307637085003281,
    -0.0009675596601109447,
    -0.013277071518800226,
    -0.0010455166524280693,
    0.001805856763446687,
    -0.003387714896836598,
    -0.002682325084313186,
    4.996121917500762
  ],
  "scaler_scale": [
    7.899337225353053,
    17.296179286668906,
    7.341577466024081,
    1.1090524995352773,
    2.5362604173190135,
    0.4448330341108601,
    1.0797526110065077,
    5.891301426906138,
    0.7070755368524422,
    0.707134928617174,
    0.7063428113686024,
    0.707856725220466,
    4.255858994472448
  ]
}